id,age,gender,income,spending_score,membership_years,purchase_frequency,preferred_category,last_purchase_amount,Frequency,Monetary,F_Score,M_Score
1,38,Female,99342,90,3,24,Groceries,113.53,24,113.53,3,1
2,21,Female,78852,60,2,42,Sports,41.93,42,41.93,5,1
3,60,Female,126573,30,2,28,Clothing,424.36,28,424.36,3,3
4,40,Other,47099,74,9,5,Home & Garden,991.93,5,991.93,1,5
5,65,Female,140621,21,3,25,Electronics,347.08,25,347.08,3,2
6,31,Other,57305,24,3,30,Home & Garden,86.85,30,86.85,3,1
7,19,Other,54319,68,5,43,Clothing,191.72,43,191.72,5,2
8,43,Male,108115,94,9,27,Groceries,734.56,27,734.56,3,4
9,53,Male,34424,29,6,7,Sports,951.71,7,951.71,1,5
10,55,Female,45839,55,7,2,Electronics,821.18,2,821.18,1,5
11,23,Other,69659,16,7,24,Clothing,434.97,24,434.97,3,3
12,68,Other,30058,91,1,49,Groceries,889.94,49,889.94,5,5
13,29,Female,87461,81,3,27,Home & Garden,101.07,27,101.07,3,1
14,64,Other,33018,46,4,3,Sports,221.35,3,221.35,1,2
15,33,Male,112260,17,5,8,Home & Garden,915.89,8,915.89,1,5
16,53,Male,129284,17,6,26,Clothing,225.4,26,225.4,3,2
17,57,Male,102535,29,5,13,Clothing,378.47,13,378.47,2,2
18,22,Male,41849,22,1,31,Sports,844.08,31,844.08,3,5
19,37,Male,95491,90,6,21,Home & Garden,454.83,21,454.83,2,3
20,31,Male,97103,70,3,17,Groceries,61.3,17,61.3,2,1
21,19,Female,82519,13,4,4,Home & Garden,742.39,4,742.39,1,4
22,22,Male,49077,74,10,47,Home & Garden,799.31,47,799.31,5,4
23,36,Other,85473,68,1,16,Sports,806.55,16,806.55,2,5
24,41,Other,81758,87,7,9,Clothing,482.2,9,482.2,1,3
25,69,Female,36140,78,5,39,Sports,508.86,39,508.86,4,3
26,33,Other,141757,60,10,39,Groceries,83.27,39,83.27,4,1
27,54,Male,35394,10,9,4,Groceries,124.29,4,124.29,1,1
28,30,Female,50680,19,7,27,Sports,515.88,27,515.88,3,3
29,18,Female,70721,78,7,1,Home & Garden,191.9,1,191.9,1,2
30,23,Male,104106,30,4,20,Electronics,950.56,20,950.56,2,5
31,36,Other,76756,16,8,27,Clothing,970.06,27,970.06,3,5
32,60,Female,45733,69,2,18,Electronics,197.29,18,197.29,2,2
33,29,Male,71951,2,6,47,Electronics,91.94,47,91.94,5,1
34,44,Other,86593,89,4,37,Groceries,76.95,37,76.95,4,1
35,45,Other,43138,54,10,48,Sports,639.22,48,639.22,5,4
36,30,Female,73464,37,1,6,Clothing,532.51,6,532.51,1,3
37,47,Male,108074,78,4,38,Electronics,128.2,38,128.2,4,1
38,48,Other,81794,89,7,50,Electronics,967.99,50,967.99,5,5
39,31,Female,75392,43,4,29,Sports,88.44,29,88.44,3,1
40,22,Male,107057,14,5,41,Home & Garden,98.86,41,98.86,4,1
41,23,Male,70723,31,1,48,Home & Garden,713.33,48,713.33,5,4
42,52,Male,115529,70,2,34,Clothing,192.66,34,192.66,4,2
43,35,Male,72179,6,6,45,Home & Garden,165.18,45,165.18,5,1
44,28,Other,62405,79,5,50,Home & Garden,956.73,50,956.73,5,5
45,50,Male,42404,45,4,31,Home & Garden,753.6,31,753.6,3,4
46,49,Other,94531,28,5,42,Clothing,214.93,42,214.93,5,2
47,56,Male,129005,40,6,8,Electronics,355.34,8,355.34,1,2
48,48,Male,76317,94,9,3,Electronics,189.28,3,189.28,1,2
49,19,Other,85309,65,5,10,Sports,28.55,10,28.55,1,1
50,68,Female,146519,96,2,18,Groceries,673.79,18,673.79,2,4
51,61,Female,61290,83,9,35,Clothing,110.32,35,110.32,4,1
52,24,Female,96082,83,4,36,Sports,589.35,36,589.35,4,3
53,45,Other,134241,73,9,16,Groceries,893.44,16,893.44,2,5
54,33,Female,45136,84,9,38,Home & Garden,332.34,38,332.34,4,2
55,56,Female,85476,55,2,41,Sports,774.5,41,774.5,4,4
56,42,Other,73466,50,4,13,Sports,903.07,13,903.07,2,5
57,63,Other,49607,7,9,20,Electronics,195.34,20,195.34,2,2
58,49,Female,112198,48,5,24,Sports,843.87,24,843.87,3,5
59,43,Female,81595,12,7,1,Electronics,806.26,1,806.26,1,5
60,21,Female,139387,1,5,7,Clothing,399.58,7,399.58,1,3
61,23,Male,69133,14,6,7,Groceries,224.86,7,224.86,1,2
62,30,Other,89149,87,10,36,Clothing,174.41,36,174.41,4,1
63,49,Female,79992,49,8,6,Sports,636.65,6,636.65,1,4
64,50,Female,85111,31,1,19,Electronics,319.05,19,319.05,2,2
65,27,Other,90557,36,2,2,Sports,494.55,2,494.55,1,3
66,32,Male,100270,69,3,29,Home & Garden,686.05,29,686.05,3,4
67,36,Female,127346,75,5,7,Electronics,335.98,7,335.98,1,2
68,43,Female,87807,52,9,41,Clothing,95.08,41,95.08,4,1
69,32,Male,135861,88,5,16,Electronics,103.33,16,103.33,2,1
70,49,Other,40936,32,9,49,Sports,495.62,49,495.62,5,3
71,23,Female,66376,60,1,18,Electronics,77.73,18,77.73,2,1
72,58,Other,56120,30,3,50,Groceries,880.23,50,880.23,5,5
73,31,Female,112452,21,1,5,Groceries,552.21,5,552.21,1,3
74,38,Female,102944,63,8,9,Home & Garden,92.69,9,92.69,1,1
75,58,Other,143037,56,8,42,Groceries,57.57,42,57.57,5,1
76,60,Female,131101,68,8,28,Home & Garden,522.95,28,522.95,3,3
77,49,Male,30708,4,1,36,Groceries,990.0,36,990.0,4,5
78,32,Other,44048,20,7,10,Clothing,41.55,10,41.55,1,1
79,30,Other,95501,27,3,14,Groceries,476.25,14,476.25,2,3
80,68,Other,45092,54,4,40,Electronics,738.6,40,738.6,4,4
81,65,Other,117157,90,9,39,Electronics,812.36,39,812.36,4,5
82,36,Female,148542,60,1,17,Groceries,15.66,17,15.66,2,1
83,36,Female,99427,94,8,15,Sports,265.04,15,265.04,2,2
84,56,Male,58971,77,9,35,Electronics,13.16,35,13.16,4,1
85,19,Male,101100,43,3,14,Clothing,392.36,14,392.36,2,3
86,31,Other,61849,24,6,31,Home & Garden,120.8,31,120.8,3,1
87,59,Male,47990,3,10,48,Home & Garden,755.92,48,755.92,5,4
88,31,Male,55100,20,7,31,Sports,59.84,31,59.84,3,1
89,18,Other,105470,8,7,4,Clothing,746.18,4,746.18,1,4
90,45,Other,63381,80,4,8,Home & Garden,754.24,8,754.24,1,4
91,32,Other,92089,16,1,47,Home & Garden,209.86,47,209.86,5,2
92,39,Other,104031,67,6,28,Home & Garden,930.36,28,930.36,3,5
93,65,Male,62792,83,8,11,Electronics,230.58,11,230.58,1,2
94,46,Other,113116,7,10,13,Clothing,190.55,13,190.55,2,2
95,30,Other,75926,97,10,19,Sports,670.87,19,670.87,2,4
96,23,Male,108480,46,10,21,Clothing,377.31,21,377.31,2,2
97,63,Other,102834,31,7,20,Electronics,582.57,20,582.57,2,3
98,49,Male,46695,99,9,26,Clothing,674.7,26,674.7,3,4
99,21,Other,105024,45,3,32,Sports,795.84,32,795.84,4,4
100,26,Female,59496,58,2,50,Clothing,23.33,50,23.33,5,1
101,40,Female,115569,1,2,5,Groceries,241.91,5,241.91,1,2
102,18,Male,49346,70,7,38,Groceries,127.14,38,127.14,4,1
103,19,Male,75430,50,7,32,Clothing,532.51,32,532.51,4,3
104,60,Female,142407,4,2,1,Sports,29.58,1,29.58,1,1
105,20,Other,34982,7,2,45,Clothing,597.15,45,597.15,5,3
106,55,Female,147187,37,7,27,Electronics,941.67,27,941.67,3,5
107,19,Other,37993,59,6,30,Sports,873.8,30,873.8,3,5
108,65,Male,81753,72,9,21,Home & Garden,633.63,21,633.63,2,4
109,57,Female,81695,90,8,44,Electronics,179.8,44,179.8,5,2
110,56,Female,40676,86,7,38,Home & Garden,627.65,38,627.65,4,4
111,37,Male,111242,33,5,34,Sports,756.32,34,756.32,4,4
112,64,Male,87006,85,7,20,Clothing,930.73,20,930.73,2,5
113,58,Male,82856,33,7,20,Groceries,450.72,20,450.72,2,3
114,32,Male,35514,4,5,36,Sports,415.44,36,415.44,4,3
115,64,Male,87595,11,5,21,Electronics,69.78,21,69.78,2,1
116,59,Male,125014,89,7,42,Home & Garden,451.82,42,451.82,5,3
117,62,Male,128322,44,4,31,Electronics,668.91,31,668.91,3,4
118,62,Male,48693,36,9,44,Home & Garden,755.67,44,755.67,5,4
119,33,Male,113154,75,8,46,Groceries,895.58,46,895.58,5,5
120,68,Female,78309,12,2,49,Clothing,848.14,49,848.14,5,5
121,47,Female,112072,50,5,21,Groceries,884.19,21,884.19,2,5
122,43,Male,42855,66,6,23,Electronics,138.51,23,138.51,2,1
123,26,Other,55515,29,9,37,Sports,50.57,37,50.57,4,1
124,30,Male,51454,94,8,17,Home & Garden,553.35,17,553.35,2,3
125,66,Other,69362,58,1,23,Clothing,960.08,23,960.08,3,5
126,26,Female,69795,60,9,29,Electronics,389.37,29,389.37,3,3
127,58,Male,32860,90,5,18,Sports,405.05,18,405.05,2,3
128,40,Other,81037,70,10,45,Electronics,370.75,45,370.75,5,2
129,67,Other,40385,64,1,17,Sports,957.06,17,957.06,2,5
130,61,Female,131607,25,7,26,Clothing,714.15,26,714.15,3,4
131,51,Male,42337,70,9,28,Sports,914.97,28,914.97,3,5
132,67,Female,116124,78,10,28,Home & Garden,11.29,28,11.29,3,1
133,25,Other,94016,85,8,49,Groceries,764.28,49,764.28,5,4
134,26,Male,62131,91,6,18,Sports,70.56,18,70.56,2,1
135,29,Female,100290,85,8,29,Clothing,480.87,29,480.87,3,3
136,31,Male,145261,25,10,37,Sports,378.4,37,378.4,4,2
137,48,Male,81763,49,6,46,Sports,179.25,46,179.25,5,2
138,67,Female,120561,66,2,21,Clothing,798.2,21,798.2,2,4
139,18,Female,99638,33,8,23,Groceries,316.27,23,316.27,3,2
140,18,Female,78097,84,3,26,Clothing,453.34,26,453.34,3,3
141,23,Other,67237,85,9,40,Electronics,673.02,40,673.02,4,4
142,37,Male,61695,13,5,45,Home & Garden,18.49,45,18.49,5,1
143,55,Other,101084,73,9,24,Groceries,624.81,24,624.81,3,4
144,41,Female,82613,49,3,10,Home & Garden,421.24,10,421.24,1,3
145,44,Other,122987,29,10,25,Electronics,898.68,25,898.68,3,5
146,58,Other,90389,17,5,12,Electronics,855.21,12,855.21,1,5
147,69,Male,90929,2,10,29,Electronics,518.7,29,518.7,3,3
148,47,Female,104517,91,2,6,Home & Garden,979.41,6,979.41,1,5
149,34,Other,79949,89,3,19,Groceries,273.34,19,273.34,2,2
150,54,Male,100745,29,6,42,Clothing,335.15,42,335.15,5,2
151,55,Other,138064,86,5,22,Electronics,368.75,22,368.75,2,2
152,45,Female,79721,20,1,1,Home & Garden,215.41,1,215.41,1,2
153,43,Male,33030,61,8,40,Groceries,711.04,40,711.04,4,4
154,30,Other,78653,43,4,2,Electronics,933.73,2,933.73,1,5
155,53,Other,146312,58,2,32,Electronics,880.78,32,880.78,4,5
156,24,Female,103766,77,4,25,Home & Garden,663.21,25,663.21,3,4
157,69,Female,51990,59,2,37,Clothing,762.41,37,762.41,4,4
158,61,Other,46738,36,3,26,Groceries,393.6,26,393.6,3,3
159,58,Other,107818,70,5,24,Home & Garden,722.18,24,722.18,3,4
160,36,Other,83511,28,5,49,Home & Garden,367.97,49,367.97,5,2
161,69,Female,117782,18,1,15,Sports,762.55,15,762.55,2,4
162,64,Other,122472,75,1,17,Sports,771.33,17,771.33,2,4
163,45,Male,76259,72,5,41,Sports,228.88,41,228.88,4,2
164,60,Other,98771,37,8,42,Sports,520.37,42,520.37,5,3
165,64,Other,96494,10,4,47,Home & Garden,184.45,47,184.45,5,2
166,41,Female,48155,19,10,36,Groceries,566.65,36,566.65,4,3
167,18,Other,46707,61,10,16,Clothing,18.6,16,18.6,2,1
168,36,Other,87275,82,9,2,Clothing,14.52,2,14.52,1,1
169,51,Female,58930,95,5,33,Sports,115.09,33,115.09,4,1
170,37,Male,33987,60,8,39,Groceries,975.1,39,975.1,4,5
171,21,Male,140801,13,3,43,Home & Garden,82.88,43,82.88,5,1
172,19,Male,98446,25,4,34,Groceries,696.59,34,696.59,4,4
173,56,Female,111754,96,8,38,Home & Garden,631.06,38,631.06,4,4
174,47,Other,66932,89,5,9,Home & Garden,861.66,9,861.66,1,5
175,33,Female,81766,86,1,16,Sports,160.11,16,160.11,2,1
176,34,Male,79572,62,2,24,Sports,843.15,24,843.15,3,5
177,65,Other,123680,30,2,35,Electronics,218.74,35,218.74,4,2
178,67,Female,130300,75,5,27,Electronics,94.32,27,94.32,3,1
179,45,Female,102050,57,8,39,Groceries,263.93,39,263.93,4,2
180,48,Male,121325,30,3,35,Home & Garden,624.36,35,624.36,4,4
181,49,Male,76202,83,3,6,Groceries,208.79,6,208.79,1,2
182,40,Male,136323,36,6,25,Electronics,625.28,25,625.28,3,4
183,43,Female,32512,95,4,49,Home & Garden,223.39,49,223.39,5,2
184,27,Male,63313,8,10,42,Groceries,35.01,42,35.01,5,1
185,41,Female,104337,91,6,27,Home & Garden,401.63,27,401.63,3,3
186,40,Other,124138,84,10,41,Groceries,426.62,41,426.62,4,3
187,35,Male,137307,32,6,24,Electronics,111.27,24,111.27,3,1
188,55,Male,77060,14,2,16,Sports,286.79,16,286.79,2,2
189,45,Male,108335,62,1,35,Electronics,940.93,35,940.93,4,5
190,41,Other,59408,68,1,16,Electronics,504.16,16,504.16,2,3
191,35,Male,100208,80,2,27,Electronics,23.73,27,23.73,3,1
192,63,Other,109506,48,10,50,Electronics,26.85,50,26.85,5,1
193,69,Female,39509,10,6,27,Groceries,377.66,27,377.66,3,2
194,69,Male,74519,95,10,42,Clothing,931.51,42,931.51,5,5
195,67,Other,31806,79,8,13,Electronics,261.07,13,261.07,2,2
196,48,Male,108550,5,6,35,Home & Garden,410.05,35,410.05,4,3
197,34,Female,56125,66,10,26,Home & Garden,610.66,26,610.66,3,3
198,39,Male,116566,76,9,21,Groceries,32.38,21,32.38,2,1
199,45,Female,82014,30,10,15,Groceries,81.91,15,81.91,2,1
200,63,Female,113240,47,9,22,Clothing,279.96,22,279.96,2,2
201,45,Male,111788,28,9,49,Groceries,628.43,49,628.43,5,4
202,25,Male,30570,16,8,44,Sports,971.09,44,971.09,5,5
203,66,Other,106631,41,6,9,Home & Garden,354.46,9,354.46,1,2
204,49,Male,100258,53,6,27,Home & Garden,436.43,27,436.43,3,3
205,27,Male,132541,78,8,42,Electronics,825.01,42,825.01,5,5
206,34,Male,97962,18,3,19,Electronics,947.73,19,947.73,2,5
207,58,Male,48714,75,10,40,Sports,324.91,40,324.91,4,2
208,59,Female,70050,62,3,10,Clothing,49.53,10,49.53,1,1
209,60,Female,124416,24,5,39,Home & Garden,544.04,39,544.04,4,3
210,47,Other,93783,24,10,3,Electronics,406.56,3,406.56,1,3
211,40,Female,83445,89,7,11,Clothing,356.35,11,356.35,1,2
212,18,Other,54421,20,1,41,Home & Garden,215.95,41,215.95,4,2
213,47,Female,121498,29,9,28,Sports,706.37,28,706.37,3,4
214,33,Male,84883,43,2,49,Home & Garden,956.03,49,956.03,5,5
215,69,Other,127086,93,4,45,Electronics,339.9,45,339.9,5,2
216,26,Other,133538,27,5,46,Electronics,761.08,46,761.08,5,4
217,46,Female,82034,19,2,45,Sports,635.93,45,635.93,5,4
218,55,Female,147024,24,9,16,Electronics,169.79,16,169.79,2,1
219,57,Male,33009,82,9,24,Clothing,563.64,24,563.64,3,3
220,69,Male,142216,90,7,29,Electronics,559.73,29,559.73,3,3
221,62,Male,82623,51,8,37,Clothing,155.14,37,155.14,4,1
222,67,Other,64134,3,2,26,Clothing,868.18,26,868.18,3,5
223,53,Female,146546,12,6,45,Sports,915.02,45,915.02,5,5
224,51,Female,33665,12,2,2,Groceries,139.07,2,139.07,1,1
225,54,Female,92156,18,7,14,Electronics,238.87,14,238.87,2,2
226,19,Female,51355,48,8,28,Home & Garden,278.21,28,278.21,3,2
227,65,Male,89274,71,10,34,Electronics,840.45,34,840.45,4,5
228,53,Male,57651,27,7,16,Home & Garden,345.62,16,345.62,2,2
229,19,Other,52470,90,5,35,Groceries,515.99,35,515.99,4,3
230,56,Male,31154,40,4,25,Electronics,197.54,25,197.54,3,2
231,24,Female,147572,44,7,45,Electronics,204.27,45,204.27,5,2
232,66,Male,144573,41,7,24,Groceries,66.6,24,66.6,3,1
233,41,Female,88312,22,6,31,Groceries,212.53,31,212.53,3,2
234,29,Female,96066,45,7,24,Sports,479.36,24,479.36,3,3
235,19,Female,41542,21,1,22,Groceries,132.88,22,132.88,2,1
236,42,Other,66495,79,9,31,Sports,537.66,31,537.66,3,3
237,62,Other,52480,22,3,14,Electronics,821.42,14,821.42,2,5
238,64,Other,148368,19,4,23,Groceries,949.32,23,949.32,3,5
239,64,Female,124599,41,9,41,Groceries,924.18,41,924.18,4,5
240,44,Female,121975,33,6,27,Groceries,640.96,27,640.96,3,4
241,41,Female,41748,50,8,5,Sports,35.16,5,35.16,1,1
242,31,Female,125501,74,3,18,Electronics,947.76,18,947.76,2,5
243,25,Other,109583,6,4,30,Electronics,923.64,30,923.64,3,5
244,47,Female,108356,84,6,19,Home & Garden,911.0,19,911.0,2,5
245,28,Other,134414,19,5,15,Home & Garden,922.01,15,922.01,2,5
246,44,Male,83880,31,6,32,Electronics,464.42,32,464.42,4,3
247,54,Other,48896,28,9,25,Sports,244.79,25,244.79,3,2
248,28,Other,48383,57,8,35,Sports,17.97,35,17.97,4,1
249,54,Female,134743,98,9,42,Sports,894.21,42,894.21,5,5
250,47,Male,91491,52,5,10,Home & Garden,21.43,10,21.43,1,1
251,43,Male,89688,27,10,30,Electronics,223.64,30,223.64,3,2
252,25,Other,105185,70,2,37,Groceries,556.23,37,556.23,4,3
253,49,Other,129014,25,7,21,Groceries,271.52,21,271.52,2,2
254,66,Other,112847,98,9,44,Home & Garden,827.44,44,827.44,5,5
255,27,Other,139589,69,8,22,Clothing,150.58,22,150.58,2,1
256,46,Other,38785,55,9,22,Clothing,486.25,22,486.25,2,3
257,26,Male,134203,19,3,28,Sports,935.64,28,935.64,3,5
258,37,Other,86856,74,3,10,Electronics,624.29,10,624.29,1,4
259,68,Male,49725,59,2,35,Groceries,12.36,35,12.36,4,1
260,39,Female,56381,82,6,19,Sports,759.6,19,759.6,2,4
261,39,Other,117432,96,7,41,Sports,25.44,41,25.44,4,1
262,60,Other,45827,18,2,47,Electronics,599.66,47,599.66,5,3
263,64,Other,115366,68,9,28,Electronics,934.88,28,934.88,3,5
264,57,Female,31451,75,3,8,Electronics,611.79,8,611.79,1,4
265,63,Male,142287,77,10,44,Clothing,785.29,44,785.29,5,4
266,53,Other,84616,68,10,8,Home & Garden,543.31,8,543.31,1,3
267,57,Female,114972,42,9,12,Home & Garden,999.74,12,999.74,1,5
268,23,Other,101024,29,3,41,Groceries,484.85,41,484.85,4,3
269,33,Female,118116,100,9,48,Sports,21.9,48,21.9,5,1
270,28,Female,49020,75,9,49,Electronics,109.03,49,109.03,5,1
271,69,Male,47458,14,2,10,Groceries,874.32,10,874.32,1,5
272,52,Female,104033,6,5,15,Clothing,192.31,15,192.31,2,2
273,47,Other,84117,74,9,17,Home & Garden,886.08,17,886.08,2,5
274,60,Other,107232,68,4,48,Clothing,730.8,48,730.8,5,4
275,22,Other,128623,88,5,20,Clothing,609.57,20,609.57,2,3
276,39,Female,39931,43,1,28,Groceries,261.36,28,261.36,3,2
277,53,Other,94392,38,5,11,Clothing,997.24,11,997.24,1,5
278,63,Male,48225,24,6,14,Clothing,764.05,14,764.05,2,4
279,47,Other,95656,63,2,30,Electronics,634.19,30,634.19,3,4
280,53,Female,61826,96,1,14,Clothing,577.0,14,577.0,2,3
281,61,Other,47689,46,4,42,Home & Garden,802.44,42,802.44,5,5
282,34,Male,68250,9,10,26,Clothing,835.06,26,835.06,3,5
283,33,Male,113187,27,9,46,Electronics,886.3,46,886.3,5,5
284,43,Male,77006,27,3,36,Electronics,223.98,36,223.98,4,2
285,63,Female,121652,20,1,26,Sports,169.58,26,169.58,3,1
286,51,Male,124670,66,2,43,Clothing,184.8,43,184.8,5,2
287,31,Male,119460,69,2,22,Clothing,486.21,22,486.21,2,3
288,56,Male,117922,69,2,41,Home & Garden,98.83,41,98.83,4,1
289,38,Male,84577,70,7,27,Sports,631.28,27,631.28,3,4
290,43,Male,64136,61,1,19,Electronics,680.92,19,680.92,2,4
291,45,Female,57845,32,6,41,Clothing,934.34,41,934.34,4,5
292,62,Other,38250,63,5,22,Home & Garden,723.93,22,723.93,2,4
293,45,Other,54819,72,3,47,Sports,553.44,47,553.44,5,3
294,47,Other,89077,43,1,35,Clothing,547.85,35,547.85,4,3
295,18,Other,135713,79,7,18,Electronics,871.12,18,871.12,2,5
296,56,Other,129611,23,3,48,Sports,98.85,48,98.85,5,1
297,40,Male,97995,47,4,9,Sports,101.35,9,101.35,1,1
298,39,Male,132488,40,5,37,Sports,82.16,37,82.16,4,1
299,59,Male,36383,5,6,31,Groceries,82.77,31,82.77,3,1
300,55,Other,144624,38,2,23,Groceries,652.26,23,652.26,3,4
301,52,Female,106147,2,6,19,Groceries,412.65,19,412.65,2,3
302,50,Other,130668,39,5,25,Home & Garden,69.81,25,69.81,3,1
303,59,Female,57745,33,7,42,Electronics,492.87,42,492.87,5,3
304,50,Female,78296,93,9,47,Electronics,559.16,47,559.16,5,3
305,32,Male,39407,50,6,13,Sports,844.22,13,844.22,2,5
306,48,Male,39407,82,5,27,Sports,463.07,27,463.07,3,3
307,26,Other,135530,81,2,12,Home & Garden,126.35,12,126.35,1,1
308,54,Female,76995,14,3,46,Electronics,685.09,46,685.09,5,4
309,64,Female,96182,44,4,8,Groceries,509.31,8,509.31,1,3
310,50,Male,100320,45,7,29,Sports,139.39,29,139.39,3,1
311,53,Male,138922,45,5,22,Electronics,154.06,22,154.06,2,1
312,30,Male,143200,38,8,30,Sports,684.43,30,684.43,3,4
313,69,Other,35218,47,4,33,Electronics,315.49,33,315.49,4,2
314,44,Male,141748,55,2,50,Groceries,897.57,50,897.57,5,5
315,68,Female,62971,27,8,17,Electronics,85.45,17,85.45,2,1
316,20,Female,57260,47,2,49,Electronics,506.7,49,506.7,5,3
317,18,Other,92363,84,1,10,Electronics,539.74,10,539.74,1,3
318,23,Other,84664,45,5,12,Electronics,592.72,12,592.72,1,3
319,61,Other,47790,67,9,5,Home & Garden,714.29,5,714.29,1,4
320,34,Male,31668,43,5,40,Clothing,117.01,40,117.01,4,1
321,43,Female,78858,4,3,38,Sports,261.19,38,261.19,4,2
322,46,Other,126553,16,2,22,Home & Garden,85.56,22,85.56,2,1
323,55,Other,80006,44,2,49,Clothing,727.51,49,727.51,5,4
324,30,Male,119162,15,9,38,Home & Garden,937.85,38,937.85,4,5
325,41,Other,71410,69,1,32,Home & Garden,456.67,32,456.67,4,3
326,59,Other,49020,100,2,42,Groceries,588.18,42,588.18,5,3
327,50,Male,36022,11,6,49,Clothing,801.59,49,801.59,5,4
328,41,Female,64634,55,9,44,Groceries,488.07,44,488.07,5,3
329,68,Other,76921,79,1,23,Groceries,122.02,23,122.02,3,1
330,28,Male,51087,60,4,42,Groceries,68.31,42,68.31,5,1
331,30,Male,90651,88,9,37,Groceries,555.41,37,555.41,4,3
332,38,Other,50518,70,1,38,Sports,816.09,38,816.09,4,5
333,21,Other,126598,14,3,1,Sports,505.98,1,505.98,1,3
334,58,Other,99475,27,9,9,Groceries,249.39,9,249.39,1,2
335,60,Male,145308,83,3,31,Groceries,53.26,31,53.26,3,1
336,40,Other,107488,96,7,16,Groceries,843.6,16,843.6,2,5
337,58,Male,60768,88,2,38,Groceries,67.52,38,67.52,4,1
338,42,Other,115381,70,7,33,Home & Garden,592.52,33,592.52,4,3
339,28,Female,111697,92,9,50,Sports,205.58,50,205.58,5,2
340,48,Other,30374,28,7,34,Groceries,463.78,34,463.78,4,3
341,31,Other,35406,45,10,9,Electronics,637.02,9,637.02,1,4
342,69,Female,71688,69,4,25,Clothing,532.23,25,532.23,3,3
343,32,Male,48445,91,8,27,Home & Garden,265.17,27,265.17,3,2
344,41,Male,136928,42,5,33,Home & Garden,239.72,33,239.72,4,2
345,33,Male,112118,27,10,9,Clothing,535.28,9,535.28,1,3
346,62,Female,114587,14,7,11,Electronics,26.72,11,26.72,1,1
347,38,Female,42378,36,5,20,Sports,279.77,20,279.77,2,2
348,39,Female,136141,58,6,30,Home & Garden,211.56,30,211.56,3,2
349,44,Male,32030,38,2,19,Sports,912.15,19,912.15,2,5
350,56,Female,148694,44,7,13,Electronics,326.5,13,326.5,2,2
351,68,Other,122661,16,4,48,Groceries,85.44,48,85.44,5,1
352,47,Female,54571,57,4,2,Electronics,138.3,2,138.3,1,1
353,61,Other,120516,100,10,47,Home & Garden,475.52,47,475.52,5,3
354,63,Other,37003,57,4,25,Sports,857.68,25,857.68,3,5
355,38,Other,81837,68,5,6,Sports,349.35,6,349.35,1,2
356,32,Other,94627,88,9,30,Clothing,703.94,30,703.94,3,4
357,49,Other,103191,34,5,41,Clothing,253.63,41,253.63,4,2
358,57,Male,137205,18,1,21,Electronics,862.12,21,862.12,2,5
359,50,Male,85888,19,2,25,Groceries,910.52,25,910.52,3,5
360,38,Male,40590,91,7,27,Electronics,617.64,27,617.64,3,4
361,28,Female,130938,98,5,37,Electronics,612.09,37,612.09,4,4
362,21,Male,107934,32,5,38,Home & Garden,533.18,38,533.18,4,3
363,26,Other,149741,51,4,37,Home & Garden,685.36,37,685.36,4,4
364,63,Other,145117,66,7,12,Sports,971.02,12,971.02,2,5
365,21,Other,90000,42,4,23,Home & Garden,278.15,23,278.15,3,2
366,19,Other,105019,84,8,32,Clothing,735.3,32,735.3,4,4
367,65,Female,65576,91,5,12,Clothing,782.55,12,782.55,2,4
368,53,Female,130474,74,10,39,Home & Garden,217.92,39,217.92,4,2
369,63,Other,77411,20,2,37,Sports,648.38,37,648.38,4,4
370,23,Female,30751,99,9,26,Electronics,696.9,26,696.9,3,4
371,20,Male,87520,93,4,3,Groceries,459.87,3,459.87,1,3
372,39,Female,53805,71,5,16,Sports,372.03,16,372.03,2,2
373,30,Other,80320,91,1,31,Electronics,930.97,31,930.97,3,5
374,64,Other,84380,69,10,28,Sports,212.08,28,212.08,3,2
375,33,Female,58367,11,4,29,Groceries,826.87,29,826.87,3,5
376,25,Female,56110,36,5,42,Electronics,389.97,42,389.97,5,3
377,46,Male,123037,100,1,9,Home & Garden,617.74,9,617.74,1,4
378,45,Female,110174,87,5,32,Home & Garden,388.15,32,388.15,4,3
379,41,Female,30074,95,8,19,Clothing,78.82,19,78.82,2,1
380,59,Other,140349,75,2,6,Sports,383.64,6,383.64,1,2
381,67,Female,104036,56,10,37,Sports,998.98,37,998.98,4,5
382,68,Other,93926,45,5,22,Electronics,19.14,22,19.14,2,1
383,65,Male,124796,4,5,38,Sports,247.96,38,247.96,4,2
384,46,Male,120914,1,1,41,Home & Garden,329.9,41,329.9,4,2
385,38,Male,78829,73,7,20,Sports,665.25,20,665.25,2,4
386,69,Male,105810,57,6,28,Groceries,985.94,28,985.94,3,5
387,51,Female,105658,49,9,9,Electronics,785.55,9,785.55,1,4
388,25,Female,100053,6,5,33,Electronics,832.57,33,832.57,4,5
389,34,Other,118622,99,4,47,Sports,122.21,47,122.21,5,1
390,37,Male,65343,89,3,2,Electronics,668.23,2,668.23,1,4
391,67,Female,101759,57,3,19,Sports,670.51,19,670.51,2,4
392,28,Male,59278,60,2,8,Home & Garden,362.41,8,362.41,1,2
393,55,Female,127542,79,8,12,Clothing,632.6,12,632.6,2,4
394,69,Female,74331,83,9,11,Clothing,341.63,11,341.63,1,2
395,69,Female,119075,40,8,44,Home & Garden,866.72,44,866.72,5,5
396,54,Other,87418,21,2,27,Groceries,846.76,27,846.76,3,5
397,23,Other,37713,11,8,31,Electronics,481.24,31,481.24,3,3
398,48,Male,36282,14,10,3,Sports,210.43,3,210.43,1,2
399,19,Female,69790,3,9,38,Groceries,596.63,38,596.63,4,3
400,41,Female,147962,90,2,9,Clothing,688.61,9,688.61,1,4
401,32,Other,86268,96,3,21,Electronics,643.36,21,643.36,2,4
402,63,Male,149062,66,9,7,Clothing,441.11,7,441.11,1,3
403,40,Other,127948,29,6,26,Groceries,144.78,26,144.78,3,1
404,36,Male,30121,39,10,16,Groceries,233.08,16,233.08,2,2
405,21,Male,42889,12,2,20,Home & Garden,789.92,20,789.92,2,4
406,29,Other,141369,42,10,16,Home & Garden,862.54,16,862.54,2,5
407,24,Other,119844,78,4,6,Groceries,572.31,6,572.31,1,3
408,40,Other,135305,54,8,29,Clothing,831.6,29,831.6,3,5
409,63,Female,70967,59,6,10,Home & Garden,954.05,10,954.05,1,5
410,20,Female,98213,12,5,37,Home & Garden,902.24,37,902.24,4,5
411,43,Female,89856,96,3,2,Clothing,114.47,2,114.47,1,1
412,61,Other,80988,34,8,14,Clothing,937.86,14,937.86,2,5
413,19,Female,105731,9,7,10,Home & Garden,421.08,10,421.08,1,3
414,69,Female,117737,6,4,9,Groceries,877.51,9,877.51,1,5
415,57,Male,52164,53,3,36,Groceries,710.84,36,710.84,4,4
416,38,Other,51327,62,5,24,Sports,645.43,24,645.43,3,4
417,52,Other,101105,11,9,2,Home & Garden,714.72,2,714.72,1,4
418,51,Female,97565,48,10,31,Clothing,656.9,31,656.9,3,4
419,64,Other,71594,40,4,42,Clothing,487.73,42,487.73,5,3
420,46,Male,60671,57,5,48,Home & Garden,817.69,48,817.69,5,5
421,46,Female,90871,56,4,39,Clothing,592.97,39,592.97,4,3
422,56,Other,36843,46,7,12,Home & Garden,22.15,12,22.15,2,1
423,62,Female,96260,30,6,45,Electronics,159.13,45,159.13,5,1
424,56,Male,134502,46,5,5,Groceries,394.49,5,394.49,1,3
425,41,Male,67039,100,1,36,Electronics,178.68,36,178.68,4,2
426,40,Other,142251,90,10,14,Electronics,866.52,14,866.52,2,5
427,47,Female,49336,11,10,11,Sports,877.17,11,877.17,1,5
428,54,Other,90780,24,3,46,Groceries,824.65,46,824.65,5,5
429,20,Male,49308,29,6,19,Electronics,351.64,19,351.64,2,2
430,64,Other,124369,74,2,3,Home & Garden,275.4,3,275.4,1,2
431,40,Male,99618,80,4,22,Groceries,15.04,22,15.04,2,1
432,29,Female,133291,52,4,42,Clothing,916.28,42,916.28,5,5
433,44,Female,100832,90,8,39,Electronics,769.0,39,769.0,4,4
434,57,Male,60668,66,6,28,Electronics,984.6,28,984.6,3,5
435,32,Female,69782,76,1,9,Home & Garden,803.28,9,803.28,1,5
436,52,Other,136827,87,5,20,Sports,322.29,20,322.29,2,2
437,48,Other,51565,44,5,20,Groceries,552.48,20,552.48,2,3
438,47,Female,95033,25,3,35,Electronics,273.38,35,273.38,4,2
439,63,Female,118402,74,3,12,Sports,828.04,12,828.04,2,5
440,23,Female,130546,71,9,36,Sports,799.33,36,799.33,4,4
441,46,Male,68970,50,9,46,Clothing,392.35,46,392.35,5,3
442,26,Female,84460,45,1,33,Clothing,219.67,33,219.67,4,2
443,47,Other,138199,79,10,43,Electronics,171.38,43,171.38,5,1
444,62,Other,59481,30,4,35,Clothing,121.0,35,121.0,4,1
445,62,Female,75974,68,4,46,Groceries,180.09,46,180.09,5,2
446,53,Male,56570,29,7,37,Electronics,432.65,37,432.65,4,3
447,27,Other,68689,83,8,33,Groceries,782.58,33,782.58,4,4
448,31,Female,46106,72,7,2,Sports,59.82,2,59.82,1,1
449,50,Male,46524,1,4,7,Home & Garden,371.62,7,371.62,1,2
450,48,Male,60382,13,3,27,Electronics,694.59,27,694.59,3,4
451,24,Other,147555,65,4,28,Groceries,434.84,28,434.84,3,3
452,45,Female,93800,33,10,32,Sports,391.45,32,391.45,4,3
453,30,Male,35565,83,8,17,Electronics,238.79,17,238.79,2,2
454,27,Male,143992,31,2,32,Home & Garden,994.1,32,994.1,4,5
455,28,Other,126571,82,10,8,Electronics,26.12,8,26.12,1,1
456,61,Other,57851,46,3,5,Clothing,604.29,5,604.29,1,3
457,30,Other,120083,47,1,49,Electronics,443.12,49,443.12,5,3
458,62,Male,32827,69,8,2,Groceries,468.37,2,468.37,1,3
459,30,Other,100399,96,2,5,Clothing,705.64,5,705.64,1,4
460,55,Female,105647,94,1,14,Sports,737.91,14,737.91,2,4
461,41,Male,141605,100,4,20,Home & Garden,693.02,20,693.02,2,4
462,57,Female,46563,86,4,24,Electronics,800.46,24,800.46,3,4
463,53,Male,37569,18,8,50,Clothing,634.92,50,634.92,5,4
464,65,Female,138529,87,10,14,Sports,461.61,14,461.61,2,3
465,54,Female,40858,48,6,20,Clothing,34.88,20,34.88,2,1
466,69,Other,143640,14,8,2,Clothing,387.39,2,387.39,1,3
467,25,Male,99668,1,1,50,Groceries,937.86,50,937.86,5,5
468,54,Male,32276,73,2,44,Clothing,554.58,44,554.58,5,3
469,32,Other,100736,84,10,32,Groceries,863.93,32,863.93,4,5
470,53,Other,139508,92,6,39,Clothing,172.99,39,172.99,4,1
471,32,Male,38683,59,10,47,Groceries,846.85,47,846.85,5,5
472,35,Other,42390,27,3,41,Electronics,781.31,41,781.31,4,4
473,53,Female,104435,42,4,34,Home & Garden,795.81,34,795.81,4,4
474,54,Female,111261,56,1,44,Groceries,216.09,44,216.09,5,2
475,36,Other,112674,12,7,35,Groceries,590.32,35,590.32,4,3
476,38,Male,144083,23,1,28,Groceries,158.15,28,158.15,3,1
477,42,Male,115342,19,4,47,Sports,13.69,47,13.69,5,1
478,48,Other,143424,24,3,22,Home & Garden,594.94,22,594.94,2,3
479,58,Female,137836,19,9,21,Electronics,172.39,21,172.39,2,1
480,19,Female,35529,62,4,24,Clothing,177.69,24,177.69,3,2
481,54,Male,105641,17,9,37,Sports,173.81,37,173.81,4,1
482,65,Other,120542,52,3,36,Clothing,70.22,36,70.22,4,1
483,44,Female,43069,55,6,33,Groceries,501.34,33,501.34,4,3
484,40,Male,61052,44,4,17,Groceries,135.19,17,135.19,2,1
485,65,Male,39113,85,9,42,Home & Garden,964.87,42,964.87,5,5
486,66,Other,91672,71,5,9,Clothing,10.4,9,10.4,1,1
487,22,Female,104781,64,8,38,Home & Garden,151.48,38,151.48,4,1
488,47,Other,124597,67,9,8,Clothing,885.33,8,885.33,1,5
489,26,Female,96845,19,1,5,Home & Garden,154.89,5,154.89,1,1
490,19,Female,113254,38,5,35,Clothing,633.5,35,633.5,4,4
491,22,Female,46900,70,1,24,Groceries,325.46,24,325.46,3,2
492,39,Male,84725,100,8,49,Sports,906.07,49,906.07,5,5
493,51,Female,120616,71,1,16,Clothing,542.03,16,542.03,2,3
494,35,Male,141134,24,4,48,Sports,649.61,48,649.61,5,4
495,59,Male,140809,45,5,45,Sports,917.5,45,917.5,5,5
496,33,Female,65486,76,2,11,Sports,302.05,11,302.05,1,2
497,56,Male,145254,48,6,43,Sports,422.32,43,422.32,5,3
498,54,Female,43308,56,5,50,Electronics,667.92,50,667.92,5,4
499,25,Male,33065,61,7,40,Groceries,317.98,40,317.98,4,2
500,47,Male,69168,16,7,42,Clothing,638.96,42,638.96,5,4
501,42,Male,129999,73,5,2,Clothing,942.97,2,942.97,1,5
502,61,Female,41730,2,9,20,Electronics,177.64,20,177.64,2,2
503,22,Male,75626,52,7,34,Electronics,154.67,34,154.67,4,1
504,18,Other,142641,40,7,31,Electronics,240.64,31,240.64,3,2
505,22,Male,53863,96,10,41,Electronics,491.64,41,491.64,4,3
506,66,Male,149505,79,4,8,Sports,334.95,8,334.95,1,2
507,58,Male,132215,91,8,6,Sports,275.71,6,275.71,1,2
508,48,Other,72108,85,8,13,Sports,486.58,13,486.58,2,3
509,68,Other,113760,64,2,37,Sports,462.62,37,462.62,4,3
510,19,Male,111238,7,2,30,Sports,813.37,30,813.37,3,5
511,24,Other,109039,71,9,41,Sports,606.18,41,606.18,4,3
512,33,Male,132968,49,10,45,Sports,641.53,45,641.53,5,4
513,19,Male,82506,10,5,41,Sports,406.32,41,406.32,4,3
514,69,Female,58668,40,2,15,Home & Garden,626.35,15,626.35,2,4
515,28,Male,66961,8,10,22,Groceries,179.82,22,179.82,2,2
516,32,Other,137280,95,6,3,Electronics,31.72,3,31.72,1,1
517,18,Other,112021,9,3,11,Groceries,588.37,11,588.37,1,3
518,45,Female,110280,85,4,21,Groceries,944.07,21,944.07,2,5
519,45,Female,67753,64,4,48,Sports,926.69,48,926.69,5,5
520,38,Male,54918,1,6,6,Electronics,979.26,6,979.26,1,5
521,69,Other,78534,100,2,9,Home & Garden,75.03,9,75.03,1,1
522,29,Female,51471,96,3,13,Home & Garden,668.21,13,668.21,2,4
523,32,Female,58144,4,5,16,Electronics,923.37,16,923.37,2,5
524,47,Other,100338,13,9,40,Electronics,48.65,40,48.65,4,1
525,33,Female,90232,19,2,8,Clothing,255.08,8,255.08,1,2
526,52,Male,133701,64,1,34,Clothing,534.25,34,534.25,4,3
527,62,Female,117704,37,3,48,Sports,112.11,48,112.11,5,1
528,23,Female,144577,75,1,9,Clothing,826.02,9,826.02,1,5
529,57,Male,139366,39,5,50,Sports,34.5,50,34.5,5,1
530,27,Male,106944,63,1,28,Sports,36.39,28,36.39,3,1
531,61,Male,92031,44,7,11,Sports,573.31,11,573.31,1,3
532,19,Male,146165,38,9,45,Home & Garden,819.92,45,819.92,5,5
533,36,Other,113794,74,1,27,Sports,377.75,27,377.75,3,2
534,28,Male,121073,44,3,16,Sports,482.35,16,482.35,2,3
535,46,Other,61090,3,4,3,Sports,213.68,3,213.68,1,2
536,62,Female,74474,49,2,18,Sports,933.65,18,933.65,2,5
537,48,Female,57932,70,9,44,Home & Garden,192.46,44,192.46,5,2
538,39,Male,49970,53,5,24,Groceries,728.58,24,728.58,3,4
539,27,Male,73823,11,8,23,Electronics,27.4,23,27.4,3,1
540,36,Male,37595,88,8,49,Groceries,600.48,49,600.48,5,3
541,33,Female,103063,16,3,4,Electronics,998.51,4,998.51,1,5
542,69,Other,86860,70,1,1,Clothing,812.25,1,812.25,1,5
543,68,Female,40478,22,4,46,Groceries,954.91,46,954.91,5,5
544,66,Female,126893,3,1,32,Clothing,199.17,32,199.17,4,2
545,23,Female,123168,80,4,19,Clothing,860.95,19,860.95,2,5
546,44,Other,112137,37,7,18,Groceries,769.16,18,769.16,2,4
547,60,Other,108533,23,9,24,Electronics,506.98,24,506.98,3,3
548,22,Female,93861,42,6,6,Home & Garden,73.13,6,73.13,1,1
549,39,Male,30004,32,6,48,Sports,863.47,48,863.47,5,5
550,53,Male,47499,85,2,45,Sports,338.69,45,338.69,5,2
551,50,Male,43965,83,3,17,Electronics,83.38,17,83.38,2,1
552,20,Male,51199,100,5,5,Clothing,889.83,5,889.83,1,5
553,69,Male,51759,18,9,14,Sports,563.48,14,563.48,2,3
554,61,Female,54256,78,3,3,Home & Garden,886.44,3,886.44,1,5
555,66,Other,53345,100,4,22,Sports,221.75,22,221.75,2,2
556,25,Female,52403,53,1,14,Groceries,73.34,14,73.34,2,1
557,45,Male,95367,83,5,30,Home & Garden,845.33,30,845.33,3,5
558,40,Male,62536,84,4,28,Sports,149.07,28,149.07,3,1
559,33,Male,121639,17,7,28,Home & Garden,422.14,28,422.14,3,3
560,63,Male,82296,61,4,43,Home & Garden,390.89,43,390.89,5,3
561,61,Other,137276,92,5,8,Groceries,482.77,8,482.77,1,3
562,18,Male,143235,46,10,31,Groceries,143.75,31,143.75,3,1
563,23,Male,143899,10,3,47,Groceries,361.81,47,361.81,5,2
564,56,Other,134923,18,3,31,Electronics,515.16,31,515.16,3,3
565,68,Other,106635,85,10,30,Electronics,854.95,30,854.95,3,5
566,29,Male,60262,56,4,27,Clothing,452.32,27,452.32,3,3
567,22,Other,92601,75,7,49,Electronics,120.76,49,120.76,5,1
568,45,Female,41917,58,8,5,Home & Garden,870.38,5,870.38,1,5
569,29,Female,59815,43,6,24,Groceries,105.48,24,105.48,3,1
570,18,Other,94701,69,8,48,Clothing,760.34,48,760.34,5,4
571,36,Female,31458,40,4,6,Electronics,371.77,6,371.77,1,2
572,19,Male,134193,95,7,44,Electronics,97.65,44,97.65,5,1
573,40,Female,143338,6,8,26,Groceries,491.07,26,491.07,3,3
574,48,Other,93084,30,7,5,Clothing,480.55,5,480.55,1,3
575,49,Male,55027,62,2,1,Clothing,962.9,1,962.9,1,5
576,51,Female,149256,96,1,31,Electronics,266.83,31,266.83,3,2
577,32,Female,46610,92,5,9,Groceries,409.85,9,409.85,1,3
578,64,Male,43175,59,10,35,Electronics,363.86,35,363.86,4,2
579,21,Female,71227,17,10,12,Electronics,101.48,12,101.48,2,1
580,51,Female,149744,99,1,12,Groceries,215.92,12,215.92,2,2
581,46,Male,129568,56,10,27,Clothing,766.26,27,766.26,3,4
582,19,Male,135968,50,4,49,Electronics,174.43,49,174.43,5,1
583,33,Male,38240,92,3,37,Home & Garden,626.82,37,626.82,4,4
584,30,Male,114808,23,9,6,Clothing,74.08,6,74.08,1,1
585,51,Female,37310,6,5,14,Sports,706.18,14,706.18,2,4
586,62,Other,147903,79,5,22,Electronics,203.15,22,203.15,2,2
587,20,Other,61541,80,2,14,Groceries,48.5,14,48.5,2,1
588,47,Other,55753,69,5,40,Home & Garden,772.89,40,772.89,4,4
589,29,Other,80868,33,6,15,Clothing,865.65,15,865.65,2,5
590,33,Male,93599,22,4,37,Sports,274.96,37,274.96,4,2
591,53,Male,108263,21,1,47,Electronics,734.48,47,734.48,5,4
592,22,Male,100730,4,5,10,Sports,459.58,10,459.58,1,3
593,62,Female,148501,41,9,32,Sports,980.47,32,980.47,4,5
594,29,Other,98150,42,9,34,Sports,324.11,34,324.11,4,2
595,28,Other,61870,100,6,3,Groceries,728.67,3,728.67,1,4
596,46,Male,73370,2,4,29,Home & Garden,486.5,29,486.5,3,3
597,50,Male,132598,57,7,21,Home & Garden,930.91,21,930.91,2,5
598,56,Other,55695,58,7,30,Electronics,435.76,30,435.76,3,3
599,41,Other,69204,95,4,28,Clothing,936.04,28,936.04,3,5
600,52,Male,127010,76,8,26,Sports,13.46,26,13.46,3,1
601,53,Female,137854,33,10,47,Groceries,523.27,47,523.27,5,3
602,20,Male,145924,64,5,18,Electronics,495.49,18,495.49,2,3
603,33,Female,53219,33,4,47,Clothing,251.23,47,251.23,5,2
604,47,Male,64592,25,4,12,Home & Garden,237.34,12,237.34,2,2
605,18,Female,144275,69,9,27,Electronics,141.72,27,141.72,3,1
606,39,Male,48641,45,3,46,Home & Garden,415.19,46,415.19,5,3
607,30,Male,102200,88,5,47,Home & Garden,131.84,47,131.84,5,1
608,41,Other,67215,34,3,30,Home & Garden,460.25,30,460.25,3,3
609,53,Other,96499,29,4,5,Electronics,744.11,5,744.11,1,4
610,23,Female,83912,28,6,31,Home & Garden,98.32,31,98.32,3,1
611,42,Female,63444,72,4,40,Home & Garden,166.45,40,166.45,4,1
612,33,Female,38271,39,10,43,Electronics,99.52,43,99.52,5,1
613,60,Other,53295,73,3,5,Home & Garden,642.3,5,642.3,1,4
614,64,Female,116106,5,1,5,Clothing,25.86,5,25.86,1,1
615,69,Male,141965,98,5,35,Electronics,616.66,35,616.66,4,4
616,43,Male,38012,55,3,24,Groceries,943.37,24,943.37,3,5
617,29,Other,83172,51,8,1,Clothing,906.75,1,906.75,1,5
618,53,Other,62024,13,2,39,Sports,66.6,39,66.6,4,1
619,29,Other,88288,39,5,50,Groceries,803.87,50,803.87,5,5
620,53,Other,50215,92,6,48,Sports,814.52,48,814.52,5,5
621,20,Male,122028,40,3,6,Electronics,777.44,6,777.44,1,4
622,33,Other,102269,26,8,47,Sports,356.67,47,356.67,5,2
623,30,Female,97829,99,4,27,Clothing,320.95,27,320.95,3,2
624,59,Other,66196,37,9,44,Clothing,483.66,44,483.66,5,3
625,41,Male,36763,50,5,36,Home & Garden,490.62,36,490.62,4,3
626,19,Male,138008,8,9,15,Groceries,116.8,15,116.8,2,1
627,27,Female,96762,22,3,10,Electronics,551.43,10,551.43,1,3
628,39,Other,108744,63,2,23,Sports,411.86,23,411.86,3,3
629,65,Male,84223,83,7,46,Groceries,971.93,46,971.93,5,5
630,64,Female,145746,76,2,48,Home & Garden,49.06,48,49.06,5,1
631,47,Female,108766,37,7,38,Groceries,640.55,38,640.55,4,4
632,29,Female,72125,41,5,31,Sports,507.62,31,507.62,3,3
633,43,Female,97989,14,6,49,Electronics,886.61,49,886.61,5,5
634,51,Other,143678,50,8,23,Electronics,916.04,23,916.04,3,5
635,23,Female,122669,15,3,4,Electronics,248.68,4,248.68,1,2
636,24,Female,93266,20,1,4,Clothing,636.29,4,636.29,1,4
637,52,Other,85267,6,5,2,Home & Garden,704.32,2,704.32,1,4
638,34,Female,60489,95,3,38,Home & Garden,304.86,38,304.86,4,2
639,68,Male,57700,70,8,46,Groceries,178.21,46,178.21,5,2
640,57,Male,97035,28,6,42,Home & Garden,741.41,42,741.41,5,4
641,59,Other,141667,28,4,5,Sports,204.25,5,204.25,1,2
642,34,Female,114408,38,7,28,Electronics,647.35,28,647.35,3,4
643,64,Female,92888,2,7,50,Sports,84.98,50,84.98,5,1
644,54,Male,132403,83,3,2,Sports,45.2,2,45.2,1,1
645,67,Other,115578,10,1,36,Groceries,646.16,36,646.16,4,4
646,62,Male,113856,78,6,50,Electronics,720.47,50,720.47,5,4
647,24,Other,122371,11,2,4,Electronics,838.19,4,838.19,1,5
648,43,Female,67979,49,2,6,Groceries,420.03,6,420.03,1,3
649,27,Male,147360,96,3,26,Sports,26.1,26,26.1,3,1
650,47,Other,88268,32,8,27,Groceries,686.5,27,686.5,3,4
651,27,Female,113174,36,3,46,Electronics,499.07,46,499.07,5,3
652,32,Other,95862,34,6,41,Electronics,65.15,41,65.15,4,1
653,41,Male,140959,35,7,14,Home & Garden,232.42,14,232.42,2,2
654,48,Male,82356,97,1,35,Sports,204.55,35,204.55,4,2
655,45,Other,47989,70,6,9,Groceries,218.77,9,218.77,1,2
656,33,Other,65142,45,10,42,Clothing,132.6,42,132.6,5,1
657,27,Male,81110,44,6,8,Electronics,654.05,8,654.05,1,4
658,61,Male,145578,79,2,34,Clothing,762.06,34,762.06,4,4
659,35,Other,116378,38,10,11,Clothing,79.27,11,79.27,1,1
660,54,Female,89035,14,4,11,Sports,138.81,11,138.81,1,1
661,69,Female,34122,50,4,27,Sports,758.44,27,758.44,3,4
662,66,Other,38652,40,10,7,Home & Garden,566.59,7,566.59,1,3
663,30,Female,76658,70,3,32,Groceries,760.27,32,760.27,4,4
664,56,Other,30492,47,5,6,Groceries,725.26,6,725.26,1,4
665,37,Male,105623,26,5,47,Home & Garden,94.79,47,94.79,5,1
666,31,Other,85972,62,9,25,Sports,914.63,25,914.63,3,5
667,29,Female,135394,53,9,36,Clothing,30.13,36,30.13,4,1
668,27,Female,48576,29,7,29,Sports,976.83,29,976.83,3,5
669,52,Male,87717,79,6,44,Clothing,95.17,44,95.17,5,1
670,55,Other,59108,36,6,31,Home & Garden,900.16,31,900.16,4,5
671,34,Male,54274,27,2,17,Home & Garden,954.46,17,954.46,2,5
672,30,Male,94803,76,6,33,Home & Garden,596.98,33,596.98,4,3
673,47,Female,40790,36,1,4,Clothing,913.84,4,913.84,1,5
674,32,Other,41072,14,5,39,Electronics,981.04,39,981.04,4,5
675,64,Female,67704,12,6,17,Home & Garden,126.15,17,126.15,2,1
676,64,Female,48169,39,5,33,Groceries,451.86,33,451.86,4,3
677,51,Female,146159,99,7,38,Groceries,808.89,38,808.89,4,5
678,63,Other,56374,60,4,45,Home & Garden,943.5,45,943.5,5,5
679,46,Female,112770,6,10,27,Sports,559.73,27,559.73,3,3
680,36,Other,106345,98,7,49,Clothing,55.21,49,55.21,5,1
681,49,Other,115974,95,8,22,Electronics,143.0,22,143.0,2,1
682,61,Male,136973,27,7,2,Electronics,269.2,2,269.2,1,2
683,27,Female,89855,54,10,37,Home & Garden,750.51,37,750.51,4,4
684,42,Male,56378,8,9,18,Clothing,880.45,18,880.45,2,5
685,37,Male,104041,64,9,49,Home & Garden,117.52,49,117.52,5,1
686,30,Male,115674,78,2,48,Clothing,621.73,48,621.73,5,4
687,59,Male,65196,22,2,36,Home & Garden,625.33,36,625.33,4,4
688,30,Male,94970,15,4,11,Sports,250.07,11,250.07,1,2
689,69,Other,45024,38,5,11,Clothing,830.03,11,830.03,1,5
690,39,Female,141586,50,4,46,Clothing,659.67,46,659.67,5,4
691,53,Other,84686,93,8,1,Groceries,109.54,1,109.54,1,1
692,23,Male,57558,28,6,23,Electronics,800.78,23,800.78,3,4
693,28,Female,142450,80,3,22,Groceries,471.87,22,471.87,2,3
694,64,Male,32144,76,2,28,Sports,902.66,28,902.66,3,5
695,45,Male,53474,79,8,21,Electronics,40.32,21,40.32,2,1
696,61,Male,89720,4,9,8,Groceries,795.49,8,795.49,1,4
697,36,Female,114281,99,7,6,Sports,217.78,6,217.78,1,2
698,33,Other,36577,28,4,1,Electronics,612.54,1,612.54,1,4
699,55,Other,53164,64,2,19,Clothing,932.41,19,932.41,2,5
700,31,Male,33604,8,5,2,Electronics,984.15,2,984.15,1,5
701,31,Male,148121,34,9,32,Groceries,753.49,32,753.49,4,4
702,26,Female,42499,92,9,50,Electronics,37.57,50,37.57,5,1
703,26,Female,56466,61,3,12,Home & Garden,358.22,12,358.22,2,2
704,52,Female,58805,14,2,47,Sports,104.35,47,104.35,5,1
705,42,Male,49140,23,9,35,Clothing,400.23,35,400.23,4,3
706,29,Female,102972,68,3,39,Clothing,258.09,39,258.09,4,2
707,47,Female,128439,42,5,22,Sports,219.02,22,219.02,2,2
708,68,Male,47482,100,9,49,Clothing,170.56,49,170.56,5,1
709,44,Female,118123,40,8,31,Clothing,140.52,31,140.52,4,1
710,43,Female,43545,67,5,41,Electronics,179.71,41,179.71,4,2
711,43,Other,51398,12,4,26,Sports,117.85,26,117.85,3,1
712,18,Male,141318,37,6,28,Home & Garden,428.33,28,428.33,3,3
713,19,Female,76416,26,6,20,Electronics,385.1,20,385.1,2,2
714,30,Male,100115,54,2,36,Sports,789.67,36,789.67,4,4
715,43,Other,67912,71,10,35,Electronics,698.03,35,698.03,4,4
716,48,Female,74273,23,10,46,Sports,626.27,46,626.27,5,4
717,47,Male,136278,76,10,48,Clothing,233.64,48,233.64,5,2
718,57,Female,108833,77,3,37,Home & Garden,623.78,37,623.78,4,4
719,21,Female,119226,21,8,50,Sports,772.63,50,772.63,5,4
720,69,Other,72651,58,5,30,Electronics,103.11,30,103.11,3,1
721,27,Male,114848,66,10,38,Groceries,912.58,38,912.58,4,5
722,45,Male,127989,99,1,42,Home & Garden,683.99,42,683.99,5,4
723,20,Male,48504,27,3,28,Groceries,658.54,28,658.54,3,4
724,21,Other,114762,28,3,7,Sports,397.54,7,397.54,1,3
725,48,Female,108563,3,8,39,Clothing,15.72,39,15.72,4,1
726,40,Other,105994,39,9,17,Home & Garden,347.21,17,347.21,2,2
727,18,Other,84764,2,6,49,Home & Garden,348.51,49,348.51,5,2
728,28,Other,53503,39,5,30,Groceries,591.64,30,591.64,3,3
729,50,Male,86985,77,8,11,Sports,964.1,11,964.1,1,5
730,19,Male,85349,77,8,29,Home & Garden,381.04,29,381.04,3,2
731,53,Female,52855,12,5,33,Groceries,444.09,33,444.09,4,3
732,29,Other,66264,85,2,8,Electronics,743.3,8,743.3,1,4
733,49,Male,56707,6,8,29,Electronics,604.53,29,604.53,3,3
734,23,Other,66886,7,6,40,Electronics,322.64,40,322.64,4,2
735,38,Other,115537,10,7,25,Clothing,632.99,25,632.99,3,4
736,52,Female,130875,76,10,14,Clothing,979.39,14,979.39,2,5
737,28,Male,104971,74,4,10,Clothing,297.17,10,297.17,1,2
738,18,Female,136320,52,5,42,Electronics,891.19,42,891.19,5,5
739,61,Male,113380,27,2,17,Electronics,177.5,17,177.5,2,2
740,62,Female,119083,18,4,28,Electronics,317.78,28,317.78,3,2
741,50,Female,50944,24,3,36,Electronics,121.22,36,121.22,4,1
742,45,Other,30738,38,7,5,Home & Garden,144.0,5,144.0,1,1
743,64,Male,132277,81,5,30,Sports,505.24,30,505.24,3,3
744,56,Male,90816,20,10,35,Electronics,808.16,35,808.16,4,5
745,30,Female,64288,93,9,43,Groceries,825.85,43,825.85,5,5
746,60,Male,34657,99,10,3,Electronics,983.3,3,983.3,1,5
747,26,Male,44725,40,10,17,Groceries,307.42,17,307.42,2,2
748,57,Female,58696,69,4,29,Groceries,570.87,29,570.87,3,3
749,22,Male,73023,30,1,19,Home & Garden,661.7,19,661.7,2,4
750,41,Other,74985,68,8,21,Electronics,123.96,21,123.96,2,1
751,63,Male,37201,60,6,46,Groceries,90.96,46,90.96,5,1
752,31,Male,85928,10,2,40,Home & Garden,34.1,40,34.1,4,1
753,28,Other,129367,4,1,44,Electronics,559.61,44,559.61,5,3
754,52,Male,49342,77,7,29,Groceries,622.86,29,622.86,3,4
755,61,Male,59583,11,8,27,Clothing,744.56,27,744.56,3,4
756,30,Female,111050,61,10,32,Electronics,213.88,32,213.88,4,2
757,19,Female,129687,78,3,43,Home & Garden,679.67,43,679.67,5,4
758,35,Male,94896,36,6,4,Home & Garden,102.23,4,102.23,1,1
759,64,Other,130443,29,1,17,Home & Garden,835.67,17,835.67,2,5
760,27,Male,80545,63,6,46,Sports,575.98,46,575.98,5,3
761,47,Male,112510,1,2,10,Home & Garden,618.2,10,618.2,1,4
762,57,Male,145190,42,9,8,Sports,971.83,8,971.83,1,5
763,63,Male,115204,12,2,19,Home & Garden,910.59,19,910.59,2,5
764,61,Female,116123,96,2,27,Sports,844.95,27,844.95,3,5
765,40,Other,108344,87,2,13,Electronics,892.28,13,892.28,2,5
766,41,Other,74198,84,1,50,Clothing,60.51,50,60.51,5,1
767,45,Other,62582,1,6,46,Clothing,298.11,46,298.11,5,2
768,33,Other,92798,80,3,44,Groceries,367.85,44,367.85,5,2
769,19,Male,85583,61,5,43,Sports,316.35,43,316.35,5,2
770,61,Male,32692,18,8,28,Groceries,709.33,28,709.33,3,4
771,55,Other,53069,3,10,43,Clothing,777.97,43,777.97,5,4
772,26,Female,79842,78,9,5,Clothing,557.41,5,557.41,1,3
773,51,Female,70099,42,7,12,Groceries,481.56,12,481.56,2,3
774,52,Male,52167,19,5,50,Home & Garden,961.55,50,961.55,5,5
775,24,Male,51225,21,6,31,Sports,235.64,31,235.64,4,2
776,31,Female,123947,25,2,39,Groceries,355.67,39,355.67,4,2
777,19,Other,45781,93,6,43,Sports,412.99,43,412.99,5,3
778,46,Female,78023,83,7,28,Sports,270.15,28,270.15,3,2
779,56,Other,43031,56,2,15,Electronics,830.79,15,830.79,2,5
780,65,Other,80686,2,8,30,Sports,491.8,30,491.8,3,3
781,53,Male,147355,10,2,38,Home & Garden,866.3,38,866.3,4,5
782,22,Male,118840,32,9,9,Electronics,819.14,9,819.14,1,5
783,39,Other,71987,42,5,35,Clothing,196.61,35,196.61,4,2
784,47,Other,64229,74,5,22,Groceries,438.95,22,438.95,2,3
785,45,Female,88366,22,10,24,Electronics,253.64,24,253.64,3,2
786,30,Male,43192,61,1,27,Sports,614.39,27,614.39,3,4
787,57,Other,56547,65,10,43,Groceries,686.83,43,686.83,5,4
788,33,Male,38558,71,8,22,Home & Garden,223.73,22,223.73,2,2
789,25,Female,52575,77,5,13,Clothing,112.22,13,112.22,2,1
790,61,Male,96409,66,1,32,Sports,674.93,32,674.93,4,4
791,59,Female,97756,89,6,3,Home & Garden,318.74,3,318.74,1,2
792,18,Other,140475,38,8,7,Sports,442.42,7,442.42,1,3
793,63,Female,123481,26,1,26,Home & Garden,386.51,26,386.51,3,3
794,50,Male,103921,58,2,3,Electronics,687.32,3,687.32,1,4
795,33,Female,45432,11,4,42,Electronics,990.34,42,990.34,5,5
796,47,Male,92114,17,7,8,Home & Garden,997.15,8,997.15,1,5
797,47,Male,86651,54,3,49,Home & Garden,678.41,49,678.41,5,4
798,68,Other,44597,3,1,36,Sports,743.73,36,743.73,4,4
799,25,Male,107042,27,1,32,Clothing,648.79,32,648.79,4,4
800,35,Other,114874,40,3,15,Sports,333.55,15,333.55,2,2
801,61,Other,69791,33,8,1,Sports,165.39,1,165.39,1,1
802,51,Male,107033,96,3,42,Groceries,992.17,42,992.17,5,5
803,64,Male,127745,72,2,11,Groceries,192.17,11,192.17,1,2
804,59,Female,58656,47,6,6,Groceries,246.07,6,246.07,1,2
805,51,Female,97660,3,7,30,Sports,145.66,30,145.66,3,1
806,49,Male,69864,92,10,25,Groceries,522.78,25,522.78,3,3
807,24,Male,68172,6,1,28,Clothing,445.3,28,445.3,3,3
808,33,Male,127302,43,1,40,Groceries,785.52,40,785.52,4,4
809,46,Other,91845,35,8,49,Electronics,537.23,49,537.23,5,3
810,35,Male,83547,27,7,40,Electronics,570.08,40,570.08,4,3
811,27,Female,78001,50,5,17,Home & Garden,117.03,17,117.03,2,1
812,53,Other,76842,73,6,35,Home & Garden,701.61,35,701.61,4,4
813,19,Male,68304,9,10,28,Sports,864.57,28,864.57,3,5
814,56,Other,145028,2,10,32,Home & Garden,849.56,32,849.56,4,5
815,53,Female,58486,87,8,23,Home & Garden,409.35,23,409.35,3,3
816,50,Other,143612,71,9,28,Groceries,372.69,28,372.69,3,2
817,37,Female,115734,87,2,50,Groceries,646.4,50,646.4,5,4
818,69,Male,129445,32,3,6,Home & Garden,42.19,6,42.19,1,1
819,46,Other,58692,2,9,22,Home & Garden,230.66,22,230.66,2,2
820,52,Other,73723,69,10,19,Sports,321.92,19,321.92,2,2
821,41,Other,37547,72,3,24,Groceries,897.46,24,897.46,3,5
822,26,Female,34901,31,7,9,Groceries,667.8,9,667.8,1,4
823,69,Male,85068,54,6,24,Sports,846.68,24,846.68,3,5
824,38,Female,81244,57,5,3,Home & Garden,301.59,3,301.59,1,2
825,30,Female,121358,16,1,2,Electronics,122.7,2,122.7,1,1
826,48,Male,111795,41,9,17,Groceries,116.19,17,116.19,2,1
827,62,Other,88975,58,6,24,Sports,921.21,24,921.21,3,5
828,34,Male,43316,72,7,13,Electronics,274.88,13,274.88,2,2
829,37,Male,112949,33,8,40,Home & Garden,424.07,40,424.07,4,3
830,28,Male,136418,17,5,17,Home & Garden,765.53,17,765.53,2,4
831,43,Female,76811,26,1,33,Home & Garden,836.5,33,836.5,4,5
832,69,Other,81964,22,1,3,Home & Garden,839.2,3,839.2,1,5
833,43,Female,85487,71,7,49,Sports,625.26,49,625.26,5,4
834,38,Male,101111,98,8,35,Clothing,738.01,35,738.01,4,4
835,41,Female,68147,75,2,33,Groceries,553.35,33,553.35,4,3
836,30,Other,42089,29,3,3,Home & Garden,536.52,3,536.52,1,3
837,69,Female,106629,4,7,9,Groceries,443.22,9,443.22,1,3
838,57,Male,98928,80,3,33,Electronics,934.98,33,934.98,4,5
839,43,Male,90687,9,5,24,Sports,531.25,24,531.25,3,3
840,58,Female,68764,96,6,31,Groceries,723.66,31,723.66,4,4
841,40,Male,125996,64,6,15,Clothing,583.95,15,583.95,2,3
842,33,Female,96916,23,6,12,Sports,373.49,12,373.49,2,2
843,50,Other,149578,28,2,39,Home & Garden,839.34,39,839.34,4,5
844,43,Male,140638,62,10,18,Home & Garden,78.52,18,78.52,2,1
845,45,Female,57615,30,5,15,Electronics,998.09,15,998.09,2,5
846,60,Other,61376,97,8,9,Electronics,793.84,9,793.84,1,4
847,22,Male,134801,47,1,49,Groceries,292.92,49,292.92,5,2
848,60,Other,111784,31,1,14,Clothing,122.12,14,122.12,2,1
849,56,Female,86142,87,7,8,Sports,291.96,8,291.96,1,2
850,48,Female,126398,19,1,18,Clothing,311.08,18,311.08,2,2
851,51,Other,59566,25,5,22,Groceries,847.03,22,847.03,2,5
852,64,Female,63123,88,1,16,Groceries,330.95,16,330.95,2,2
853,22,Other,120644,75,1,4,Clothing,456.11,4,456.11,1,3
854,27,Female,40595,84,6,15,Groceries,268.76,15,268.76,2,2
855,18,Male,30102,35,2,6,Sports,739.27,6,739.27,1,4
856,45,Other,135627,67,2,46,Groceries,524.16,46,524.16,5,3
857,19,Female,90561,75,10,23,Home & Garden,866.23,23,866.23,3,5
858,67,Male,115470,56,4,6,Clothing,151.74,6,151.74,1,1
859,22,Male,62752,2,10,22,Electronics,469.36,22,469.36,2,3
860,22,Male,46866,3,7,46,Electronics,737.44,46,737.44,5,4
861,21,Other,145884,3,4,25,Home & Garden,676.93,25,676.93,3,4
862,20,Male,79899,64,7,46,Clothing,129.9,46,129.9,5,1
863,42,Other,77292,73,10,43,Groceries,787.66,43,787.66,5,4
864,41,Male,92371,28,10,48,Electronics,594.96,48,594.96,5,3
865,57,Other,106632,26,1,17,Groceries,610.98,17,610.98,2,4
866,22,Male,48068,57,2,24,Electronics,683.02,24,683.02,3,4
867,68,Other,35122,72,6,33,Sports,983.84,33,983.84,4,5
868,51,Other,83467,83,1,19,Clothing,30.88,19,30.88,2,1
869,49,Female,61376,47,5,16,Home & Garden,241.25,16,241.25,2,2
870,57,Other,112212,6,6,44,Home & Garden,312.64,44,312.64,5,2
871,57,Female,128481,86,10,40,Home & Garden,727.15,40,727.15,4,4
872,63,Male,33546,18,9,31,Sports,191.8,31,191.8,4,2
873,42,Female,127546,54,1,31,Clothing,484.72,31,484.72,4,3
874,35,Male,121037,70,1,28,Groceries,304.08,28,304.08,3,2
875,25,Female,76606,99,10,32,Home & Garden,472.4,32,472.4,4,3
876,60,Other,120195,68,9,26,Sports,600.21,26,600.21,3,3
877,51,Female,127950,27,3,45,Home & Garden,412.76,45,412.76,5,3
878,45,Female,51646,61,5,41,Home & Garden,246.41,41,246.41,5,2
879,51,Male,80995,68,1,18,Sports,863.54,18,863.54,2,5
880,59,Other,97355,63,2,22,Groceries,329.18,22,329.18,2,2
881,47,Female,133264,93,2,21,Groceries,11.01,21,11.01,2,1
882,61,Male,49557,22,6,12,Clothing,678.13,12,678.13,2,4
883,62,Other,97909,100,1,5,Home & Garden,439.63,5,439.63,1,3
884,50,Female,59695,70,5,6,Clothing,241.99,6,241.99,1,2
885,58,Other,149723,70,9,23,Electronics,374.59,23,374.59,3,2
886,26,Other,113532,70,7,28,Sports,679.69,28,679.69,3,4
887,60,Male,98882,38,2,28,Groceries,940.14,28,940.14,3,5
888,29,Male,149973,2,2,19,Groceries,437.1,19,437.1,2,3
889,33,Other,146269,92,6,10,Sports,486.86,10,486.86,1,3
890,60,Other,73059,77,3,31,Clothing,581.15,31,581.15,4,3
891,22,Other,87909,19,7,39,Sports,20.52,39,20.52,4,1
892,66,Other,40932,5,1,48,Sports,546.06,48,546.06,5,3
893,24,Female,60763,92,5,29,Home & Garden,320.7,29,320.7,3,2
894,63,Other,119492,25,8,40,Sports,758.1,40,758.1,4,4
895,27,Male,128640,3,5,2,Home & Garden,140.52,2,140.52,1,1
896,53,Male,137307,34,1,26,Sports,952.12,26,952.12,3,5
897,32,Male,81701,96,9,49,Electronics,77.45,49,77.45,5,1
898,64,Other,82140,57,3,7,Home & Garden,97.97,7,97.97,1,1
899,48,Male,134463,32,2,7,Electronics,535.1,7,535.1,1,3
900,52,Female,41544,1,10,46,Home & Garden,720.52,46,720.52,5,4
901,57,Female,135440,46,8,3,Home & Garden,442.46,3,442.46,1,3
902,55,Female,72193,39,2,6,Home & Garden,207.44,6,207.44,1,2
903,33,Other,106771,23,7,3,Sports,609.8,3,609.8,1,3
904,64,Female,122557,87,2,5,Groceries,344.59,5,344.59,1,2
905,64,Male,139658,77,6,26,Sports,71.97,26,71.97,3,1
906,25,Male,130604,100,4,41,Electronics,355.45,41,355.45,5,2
907,62,Other,113706,19,1,13,Home & Garden,427.68,13,427.68,2,3
908,59,Other,141567,27,8,30,Sports,95.96,30,95.96,3,1
909,27,Female,89618,49,8,12,Groceries,831.05,12,831.05,2,5
910,55,Other,45562,68,3,30,Groceries,628.34,30,628.34,3,4
911,66,Female,55154,93,3,19,Electronics,684.88,19,684.88,2,4
912,54,Male,69676,9,7,30,Clothing,932.68,30,932.68,3,5
913,38,Male,45551,100,10,22,Electronics,99.63,22,99.63,2,1
914,55,Male,109314,72,10,47,Electronics,438.97,47,438.97,5,3
915,18,Other,69502,83,6,32,Sports,236.83,32,236.83,4,2
916,26,Male,131020,23,7,22,Groceries,844.88,22,844.88,2,5
917,49,Other,30523,83,4,38,Electronics,564.48,38,564.48,4,3
918,36,Female,45458,74,6,19,Groceries,135.23,19,135.23,2,1
919,28,Other,57107,82,5,2,Home & Garden,271.17,2,271.17,1,2
920,60,Other,44555,84,7,28,Electronics,678.42,28,678.42,3,4
921,66,Male,122436,73,7,47,Home & Garden,666.62,47,666.62,5,4
922,58,Male,105157,51,3,27,Clothing,344.39,27,344.39,3,2
923,68,Male,107702,73,4,2,Sports,136.03,2,136.03,1,1
924,20,Male,88778,56,2,28,Groceries,240.93,28,240.93,3,2
925,53,Other,32539,22,6,42,Home & Garden,536.06,42,536.06,5,3
926,39,Female,53091,41,9,3,Groceries,12.45,3,12.45,1,1
927,46,Other,46368,11,7,17,Home & Garden,869.05,17,869.05,2,5
928,28,Male,134592,43,10,25,Clothing,557.04,25,557.04,3,3
929,35,Male,48768,43,2,5,Electronics,746.74,5,746.74,1,4
930,42,Other,128064,8,8,44,Groceries,316.5,44,316.5,5,2
931,59,Male,48329,6,8,26,Home & Garden,36.76,26,36.76,3,1
932,31,Other,30969,32,9,11,Sports,562.47,11,562.47,1,3
933,18,Male,117893,84,3,24,Electronics,413.27,24,413.27,3,3
934,47,Male,138152,53,2,38,Groceries,129.08,38,129.08,4,1
935,48,Other,129592,2,3,26,Clothing,748.46,26,748.46,3,4
936,51,Male,148784,17,1,50,Home & Garden,302.81,50,302.81,5,2
937,43,Female,42201,76,1,50,Home & Garden,106.48,50,106.48,5,1
938,64,Other,65498,23,5,24,Clothing,351.94,24,351.94,3,2
939,37,Male,70213,84,3,37,Home & Garden,785.53,37,785.53,4,4
940,56,Female,51736,3,9,25,Home & Garden,666.01,25,666.01,3,4
941,54,Male,33706,64,9,1,Clothing,371.93,1,371.93,1,2
942,36,Male,33087,69,7,21,Sports,651.8,21,651.8,2,4
943,54,Female,140081,100,1,25,Electronics,30.51,25,30.51,3,1
944,47,Other,37014,76,5,34,Electronics,880.18,34,880.18,4,5
945,65,Male,42779,81,5,38,Clothing,594.92,38,594.92,4,3
946,59,Male,149936,80,7,37,Groceries,406.6,37,406.6,4,3
947,60,Other,111493,40,10,8,Groceries,190.34,8,190.34,1,2
948,21,Other,117520,34,3,32,Sports,256.98,32,256.98,4,2
949,62,Other,128667,37,5,17,Sports,150.62,17,150.62,2,1
950,45,Other,114390,38,3,9,Groceries,663.25,9,663.25,1,4
951,41,Other,134487,7,10,50,Electronics,556.1,50,556.1,5,3
952,29,Female,45164,54,8,45,Groceries,915.62,45,915.62,5,5
953,51,Male,104830,43,9,36,Sports,593.92,36,593.92,4,3
954,44,Male,123822,20,4,8,Electronics,209.75,8,209.75,1,2
955,30,Male,50661,89,9,22,Sports,630.37,22,630.37,2,4
956,60,Other,48802,68,1,40,Groceries,296.76,40,296.76,4,2
957,60,Female,56429,69,9,32,Groceries,894.95,32,894.95,4,5
958,26,Female,41126,37,9,44,Clothing,100.64,44,100.64,5,1
959,38,Female,99054,59,6,4,Groceries,174.22,4,174.22,1,1
960,61,Female,50349,76,9,42,Clothing,957.5,42,957.5,5,5
961,23,Female,60808,96,2,12,Home & Garden,231.03,12,231.03,2,2
962,60,Male,98537,71,9,45,Groceries,725.67,45,725.67,5,4
963,66,Female,72885,1,9,33,Groceries,654.48,33,654.48,4,4
964,26,Other,109221,91,2,44,Sports,660.05,44,660.05,5,4
965,49,Other,94218,4,10,5,Electronics,287.36,5,287.36,1,2
966,58,Other,133888,92,10,14,Home & Garden,628.3,14,628.3,2,4
967,46,Female,67361,80,6,25,Sports,350.08,25,350.08,3,2
968,23,Female,74773,16,2,42,Groceries,626.05,42,626.05,5,4
969,61,Other,38209,79,8,40,Sports,724.23,40,724.23,4,4
970,68,Female,40471,28,3,33,Groceries,40.89,33,40.89,4,1
971,58,Female,51913,14,4,21,Home & Garden,733.63,21,733.63,2,4
972,41,Male,120294,79,5,44,Clothing,942.03,44,942.03,5,5
973,43,Male,130645,34,10,5,Groceries,833.69,5,833.69,1,5
974,48,Other,75118,84,6,41,Electronics,711.37,41,711.37,5,4
975,49,Female,79546,26,5,12,Home & Garden,935.73,12,935.73,2,5
976,30,Male,54930,12,9,13,Electronics,724.88,13,724.88,2,4
977,37,Male,100314,71,5,19,Groceries,692.74,19,692.74,2,4
978,45,Female,91381,48,8,16,Sports,253.13,16,253.13,2,2
979,66,Female,74055,100,6,17,Sports,318.7,17,318.7,2,2
980,45,Female,135047,11,9,42,Clothing,422.93,42,422.93,5,3
981,30,Male,117373,32,1,49,Home & Garden,129.35,49,129.35,5,1
982,59,Other,87884,79,9,28,Groceries,491.55,28,491.55,3,3
983,68,Female,117203,76,7,38,Electronics,363.94,38,363.94,4,2
984,51,Other,91682,27,9,49,Electronics,990.87,49,990.87,5,5
985,35,Other,82057,66,4,9,Sports,683.93,9,683.93,1,4
986,66,Other,78149,2,10,9,Home & Garden,579.27,9,579.27,1,3
987,22,Male,80049,1,10,47,Sports,16.97,47,16.97,5,1
988,26,Male,148451,78,5,14,Groceries,99.19,14,99.19,2,1
989,26,Male,45147,93,1,32,Home & Garden,750.58,32,750.58,4,4
990,31,Other,45695,36,2,31,Electronics,864.67,31,864.67,4,5
991,21,Other,80264,41,4,26,Sports,458.93,26,458.93,3,3
992,53,Other,83578,97,5,50,Sports,917.08,50,917.08,5,5
993,22,Female,125479,57,8,27,Home & Garden,139.75,27,139.75,3,1
994,29,Female,64799,42,5,19,Electronics,967.26,19,967.26,2,5
995,60,Male,71923,25,2,40,Clothing,986.97,40,986.97,4,5
996,57,Male,112170,57,6,1,Clothing,313.64,1,313.64,1,2
997,23,Other,65337,76,10,23,Groceries,632.83,23,632.83,3,4
998,23,Male,113097,40,5,42,Sports,75.09,42,75.09,5,1
999,22,Female,113695,63,7,44,Electronics,505.16,44,505.16,5,3
1000,36,Female,90420,7,2,31,Groceries,669.26,31,669.26,4,4
